date,time,ordered_by,restaurant,cart_url,reactions_total,reaction_breakdown,thread_replies,slack_link
2025-09-30,09:02 PT,Sam O'Driscoll,Sweetgreen,https://drd.sh/cart/b7rlWU38NaNXiEoV/,0,,8,https://grid-angellist.enterprise.slack.com/archives/C0335KUH5AN/p1759248159455949
2025-09-30,11:04 PT,Connor Riley,Just Salad,https://drd.sh/cart/0Q12V0N2MlPYX4hr/,0,,0,https://grid-angellist.enterprise.slack.com/archives/C0335KUH5AN/p1759255496002869
2025-09-30,13:57 PT,Leia Slosberg,Sushi 35 West,https://drd.sh/cart/8M9MKmqnENin3hsu/,0,,0,https://grid-angellist.enterprise.slack.com/archives/C0335KUH5AN/p1759265858635149
2025-09-30,14:11 PT,Archit Dhar,Poke (alt cart),https://drd.sh/cart/MEM3ihKLSmyYYnUB/,0,,6,https://grid-angellist.enterprise.slack.com/archives/C0335KUH5AN/p1759266690325099
2025-09-30,14:32 PT,Matt Bilotti,Terra,https://drd.sh/cart/thQsFSCXU5Lg8MhB/,1,broken_heart:1,8,https://grid-angellist.enterprise.slack.com/archives/C0335KUH5AN/p1759267935397979
2025-10-01,08:24 PT,Karan Thapar,Sushi 295 Mercer,https://drd.sh/cart/cGB6F6GIPLCuDW2O/,2,white_check_mark:1 heart_on_fire:1,0,https://grid-angellist.enterprise.slack.com/archives/C0335KUH5AN/p1759332284914459
2025-10-01,10:10 PT,Jonah Lecker,Just Salad,https://drd.sh/cart/vyJ1cXbTZDLmP84L/,2,thank_you:1 crown:1,0,https://grid-angellist.enterprise.slack.com/archives/C0335KUH5AN/p1759338645897319
2025-10-01,13:58 PT,Matt Bilotti,La Dong,https://drd.sh/cart/JwZXzySJpGBFPocn/,3,fire:3,7,https://grid-angellist.enterprise.slack.com/archives/C0335KUH5AN/p1759352317061729
2025-10-02,08:31 PT,Sam O'Driscoll,,https://drd.sh/cart/CzIUxQQ4t7M005lM/,1,im_dead:1,0,https://grid-angellist.enterprise.slack.com/archives/C0335KUH5AN/p1759419061755189
2025-10-02,08:47 PT,Haley Young,Avo cart,https://drd.sh/cart/8yKNoxWeB7ObnPxM/,0,,0,https://grid-angellist.enterprise.slack.com/archives/C0335KUH5AN/p1759420045899949
2025-10-02,12:13 PT,Dylan Chesney,Juice Gen,https://drd.sh/cart/CUli3lpxoYnZtMuH/,2,pray:1 white_check_mark:1,3,https://grid-angellist.enterprise.slack.com/archives/C0335KUH5AN/p1759432417219569
2025-10-02,14:13 PT,Matt Bilotti,Fish Cheeks,https://drd.sh/cart/aVZhYX6q4U2PcXrt/,1,fire:1,4,https://grid-angellist.enterprise.slack.com/archives/C0335KUH5AN/p1759439615188079
2025-10-03,05:13 PT,Sam O'Driscoll,Daily Provisions,https://drd.sh/cart/HIvtta9M9qeY4gw1/,0,,0,https://grid-angellist.enterprise.slack.com/archives/C0335KUH5AN/p1759493625866929
2025-10-03,08:41 PT,Dylan Chesney,Fattoush,https://drd.sh/cart/9Tk30ycde9L3TfXc/,1,white_check_mark:1,0,https://grid-angellist.enterprise.slack.com/archives/C0335KUH5AN/p1759506065872269
2025-10-03,08:44 PT,Raj Mehta,Counter Service,https://drd.sh/cart/o1RKaxfW9xtEEFdJ/,0,,0,https://grid-angellist.enterprise.slack.com/archives/C0335KUH5AN/p1759506294383569
2025-10-03,14:33 PT,Sarah Zheng,Soup,https://drd.sh/cart/BF6nYLPDBItIL6hQ/,0,,0,https://grid-angellist.enterprise.slack.com/archives/C0335KUH5AN/p1759527215039689
2025-10-06,05:07 PT,Sam O'Driscoll,Daily Provisions,https://drd.sh/cart/fFhMnu8903vCqSUj/,0,,0,https://grid-angellist.enterprise.slack.com/archives/C0335KUH5AN/p1759752427253599
2025-10-06,08:04 PT,Tina Huang,Momo Sushi,https://drd.sh/cart/vFSbUSeFRb1qO6eI/,0,,2,https://grid-angellist.enterprise.slack.com/archives/C0335KUH5AN/p1759763061301439
2025-10-07,08:03 PT,Sam O'Driscoll,(healthy),https://drd.sh/cart/dPW0C0wuVvifNABu/,0,,4,https://grid-angellist.enterprise.slack.com/archives/C0335KUH5AN/p1759849393575789
2025-10-07,09:18 PT,Catherine Nguyen,,https://drd.sh/cart/UUzkeMdGlSlFodOe/,0,,1,https://grid-angellist.enterprise.slack.com/archives/C0335KUH5AN/p1759853898169109
2025-10-07,14:20 PT,Matt Bilotti,Oishibay Sushi,https://drd.sh/cart/IqD6YERGEBIFo5Wb/,1,fire:1,8,https://grid-angellist.enterprise.slack.com/archives/C0335KUH5AN/p1759872004398949
2025-10-07,14:55 PT,Maxim Kalinkin,,https://drd.sh/cart/VJqYzpEKYJKijQnD/,,,,https://grid-angellist.enterprise.slack.com/archives/C0335KUH5AN/p1759874103164349
2025-10-07,15:02 PT,Maxim Kalinkin,(re-entered cart),https://drd.sh/cart/vwyclFjKbPamrmvL/,,,,https://grid-angellist.enterprise.slack.com/archives/C0335KUH5AN/p1759874520664729
2025-10-08,09:00 PT,Catherine Nguyen,Soothr,https://drd.sh/cart/SpZg3YqnseUZybfh/,0,,0,https://grid-angellist.enterprise.slack.com/archives/C0335KUH5AN/p1759939259520659
2025-10-08,09:20 PT,Karan Thapar,Sushi 295 Mercer,https://drd.sh/cart/bKGlYSo28tl2aUe2/,0,,0,https://grid-angellist.enterprise.slack.com/archives/C0335KUH5AN/p1759940408626429
2025-10-08,13:12 PT,Amy Saks,(dinner cart),https://drd.sh/cart/qpApHQVkoKcVZShV/,0,,8,https://grid-angellist.enterprise.slack.com/archives/C0335KUH5AN/p1759954357055819
2025-10-08,13:54 PT,Maxim Kalinkin,Fish Cheeks,https://drd.sh/cart/5kdB86ANw2m4j8jN/,0,,11,https://grid-angellist.enterprise.slack.com/archives/C0335KUH5AN/p1759956882933539
2025-10-09,07:51 PT,Madison Waldvogel,(warm/soup),https://drd.sh/cart/YzW0tp4MFoiNheD8/,0,,6,https://grid-angellist.enterprise.slack.com/archives/C0335KUH5AN/p1760021498739209
2025-10-09,14:01 PT,Archit Dhar,Nami Nori,https://drd.sh/cart/rabxcyDrbBRtQl9D/,0,,17,https://grid-angellist.enterprise.slack.com/archives/C0335KUH5AN/p1760043669557119
2025-10-09,14:38 PT,Madison Waldvogel,LPB,https://drd.sh/cart/fsVobvDI37JfNTbl/,1,fomo:1,7,https://grid-angellist.enterprise.slack.com/archives/C0335KUH5AN/p1760045898552919
2025-10-10,07:27 PT,Erica Carlson,(breakfast),https://drd.sh/cart/mvIFnVtuwMjyO3Df/,4,fire:4,1,https://grid-angellist.enterprise.slack.com/archives/C0335KUH5AN/p1760106446416159
2025-10-10,09:13 PT,Jonah Lecker,Electric Burrito,https://drd.sh/cart/utUk4ypTrnqiZRju/,0,,1,https://grid-angellist.enterprise.slack.com/archives/C0335KUH5AN/p1760112782969679
2025-10-10,12:45 PT,Archit Dhar,Ruby's Cafe,https://drd.sh/cart/eqJ4SzR7mGnKn7N8/,0,,1,https://grid-angellist.enterprise.slack.com/archives/C0335KUH5AN/p1760125543057409
2025-10-14,11:29 PT,Cody Maldonado,So Pure,https://drd.sh/cart/HtXpoxbfOC7l0QM2/,3,omg_whut:2 fomo:1,4,https://grid-angellist.enterprise.slack.com/archives/C0335KUH5AN/p1760466592136589
2025-10-14,13:46 PT,Sarah Zheng,(dinner),https://drd.sh/cart/6kpXaWDSbSSqZfoJ/,0,,0,https://grid-angellist.enterprise.slack.com/archives/C0335KUH5AN/p1760474773447629
2025-10-15,08:38 PT,Maxim Kalinkin,Cava,https://drd.sh/cart/P1oEyhbWharASWV9/,1,pray:1,0,https://grid-angellist.enterprise.slack.com/archives/C0335KUH5AN/p1760542687330839
2025-10-15,08:56 PT,Karan Thapar,Lin & Daughters - Flatiron,https://drd.sh/cart/MF5tmwRp3JOax3bd/,0,,3,https://grid-angellist.enterprise.slack.com/archives/C0335KUH5AN/p1760543804817329
2025-10-15,14:04 PT,Jack Plank,,https://drd.sh/cart/4YQSp5QOVxnCKf4X/,0,,1,https://grid-angellist.enterprise.slack.com/archives/C0335KUH5AN/p1760562251914969
2025-10-16,09:13 PT,Archit Dhar,Pura Vida,https://drd.sh/cart/SwfSQCTtooih4Il7/,1,ty:1,5,https://grid-angellist.enterprise.slack.com/archives/C0335KUH5AN/p1760631218960039
2025-10-16,14:02 PT,Jack Plank,,https://drd.sh/cart/IacFckyn6WBXWFIJ/,0,,3,https://grid-angellist.enterprise.slack.com/archives/C0335KUH5AN/p1760648531170609
2025-10-17,09:20 PT,Manav Mehta,J&J,https://drd.sh/cart/S7ld1W4XlOoKQFCz/,2,white_check_mark:2,0,https://grid-angellist.enterprise.slack.com/archives/C0335KUH5AN/p1760718026546819
2025-10-17,13:32 PT,Sarah Zheng,(dinner),https://drd.sh/cart/N0NpxUa91ucbKkZz/,0,,0,https://grid-angellist.enterprise.slack.com/archives/C0335KUH5AN/p1760733135256579
2025-10-17,13:33 PT,Archit Dhar,"(alt cart, carbs)",https://drd.sh/cart/onyE8vExKQi7jp36/,0,,0,https://grid-angellist.enterprise.slack.com/archives/C0335KUH5AN/p1760733216480349
2025-10-20,06:36 PT,Leia Slosberg,Gregory's,https://drd.sh/cart/p1g9S0OE1NeNT9pB/,0,,14,https://grid-angellist.enterprise.slack.com/archives/C0335KUH5AN/p1760967371298719
2025-10-20,06:55 PT,Leia Slosberg,Starbucks,https://drd.sh/cart/lnOLE4bL1BSnY9Yr/,2,ty_thankyou:2,0,https://grid-angellist.enterprise.slack.com/archives/C0335KUH5AN/p1760968516730389
2025-10-20,08:35 PT,Amy Saks,(Peruvian alt cart),https://drd.sh/cart/G5uHpDURaEhmDDX1/,1,fire:1,1,https://grid-angellist.enterprise.slack.com/archives/C0335KUH5AN/p1760974534676389
2025-10-20,09:10 PT,Sam O'Driscoll,,https://drd.sh/cart/qlftt2rU4T9F45G6/,0,,0,https://grid-angellist.enterprise.slack.com/archives/C0335KUH5AN/p1760976600174999
2025-10-20,13:18 PT,Jack Plank,,https://drd.sh/cart/ZRpHBuQ7d9Amh091/,0,,0,https://grid-angellist.enterprise.slack.com/archives/C0335KUH5AN/p1760991522407029
2025-10-20,15:01 PT,Sam O'Driscoll,,https://drd.sh/cart/jZLWJpYvm6zqkEBg/,0,,0,https://grid-angellist.enterprise.slack.com/archives/C0335KUH5AN/p1760997684042329
2025-10-21,07:45 PT,Madison Waldvogel,(broth),https://drd.sh/cart/oXizwCj2y4f5jcRQ/,0,,2,https://grid-angellist.enterprise.slack.com/archives/C0335KUH5AN/p1761057900784449
2025-10-21,09:30 PT,Sam O'Driscoll,,https://drd.sh/cart/vD0FooEIf3VF81YO/,2,eyes:2,4,https://grid-angellist.enterprise.slack.com/archives/C0335KUH5AN/p1761064241945619
2025-10-21,10:13 PT,Tina Huang,Mahmoun's,https://drd.sh/cart/hKO0HcUWOwmJCzwD/,2,ty:2,0,https://grid-angellist.enterprise.slack.com/archives/C0335KUH5AN/p1761066829802089
2025-10-21,14:08 PT,Catherine Nguyen,,https://drd.sh/cart/w4jhJw9fTsrqKvOx/,0,,10,https://grid-angellist.enterprise.slack.com/archives/C0335KUH5AN/p1761080927592999
2025-10-21,14:18 PT,Ethan Braren,(3rd cart),https://drd.sh/cart/7nQNI52YMP9bJZlC/,2,thank_you:2,0,https://grid-angellist.enterprise.slack.com/archives/C0335KUH5AN/p1761081504790059
2025-10-22,08:56 PT,Jonah Lecker,(burritos),https://drd.sh/cart/nx1WXrFe34G8ChXs/,2,pray:2,1,https://grid-angellist.enterprise.slack.com/archives/C0335KUH5AN/p1761148616989179
2025-10-22,10:17 PT,Sam O'Driscoll,(slow pokes),https://drd.sh/cart/PtIQRsiFNjXuhAVl/,0,,0,https://grid-angellist.enterprise.slack.com/archives/C0335KUH5AN/p1761153472698829
2025-10-22,13:21 PT,Dylan Chesney,Fattoush,https://drd.sh/cart/iBu824hUQdBR7v7l/,0,,0,https://grid-angellist.enterprise.slack.com/archives/C0335KUH5AN/p1761164480270229
2025-10-22,13:24 PT,Matt Bilotti,Blue Mountain (sushi),https://drd.sh/cart/a0eEC2IPnhqwAIMX/,1,heart:1,0,https://grid-angellist.enterprise.slack.com/archives/C0335KUH5AN/p1761164691537839
2025-10-22,13:26 PT,Tina Huang,Cafe China,https://drd.sh/cart/FEJCN9nIeiyykhBD/,2,sob:2,5,https://grid-angellist.enterprise.slack.com/archives/C0335KUH5AN/p1761164785890809
2025-10-23,08:42 PT,Sam O'Driscoll,(counter service),https://drd.sh/cart/Ux5DBdvxDSIoI9x6/,9,eyes:3 crying_bun:6,0,https://grid-angellist.enterprise.slack.com/archives/C0335KUH5AN/p1761234144616129
2025-10-23,13:08 PT,Archit Dhar,(parm),https://drd.sh/cart/sRdCizXN7c9UaL23/,8,lol-yellow:7 +1:1,10,https://grid-angellist.enterprise.slack.com/archives/C0335KUH5AN/p1761250088729009
2025-10-24,05:18 PT,Sam O'Driscoll,(breakfast cart),https://drd.sh/cart/YcfNLpfL6RDyZkcf/,9,facts:1 heart_hands:6 heart_hands::skin-tone-3:2,0,https://grid-angellist.enterprise.slack.com/archives/C0335KUH5AN/p1761308289391019
2025-10-24,08:17 PT,Archit Dhar,Sushi 295 Mercer,https://drd.sh/cart/fCiJaou7jqlp7OiY/,4,blob_sad:4,0,https://grid-angellist.enterprise.slack.com/archives/C0335KUH5AN/p1761319041223289
2025-10-24,09:14 PT,Bisher Anadani,(alt cart),https://drd.sh/cart/QSktyXB05UpImQg4/,0,,1,https://grid-angellist.enterprise.slack.com/archives/C0335KUH5AN/p1761322485666339
2025-10-27,09:54 PT,Zach Schnell,(Thai),https://drd.sh/cart/CDmtgpsrOL1aSaJ5/,1,thankyou-1506:1,14,https://grid-angellist.enterprise.slack.com/archives/C0335KUH5AN/p1761584098064939
2025-10-27,13:44 PT,Jack Plank,,https://drd.sh/cart/TxHgJExubo0EhHJd/,0,,0,https://grid-angellist.enterprise.slack.com/archives/C0335KUH5AN/p1761597896705699
2025-10-28,08:21 PT,Catherine Nguyen,Poke Bar,https://drd.sh/cart/Z7yabT4pWIvr0XTa/,3,raised_hands:3,0,https://grid-angellist.enterprise.slack.com/archives/C0335KUH5AN/p1761664908551169
2025-10-28,08:57 PT,Manav Mehta,Cookshop,https://drd.sh/cart/vWbhIeAV5TcVLa9N/,1,pray:1,0,https://grid-angellist.enterprise.slack.com/archives/C0335KUH5AN/p1761667028783149
2025-10-28,14:01 PT,Haley Young,(sushi),https://drd.sh/cart/YhvFYMjKWm9fyiUd/,0,,0,https://grid-angellist.enterprise.slack.com/archives/C0335KUH5AN/p1761685275030989
2025-10-28,14:11 PT,Haley Young,(2nd sushi cart),https://drd.sh/cart/IyhNUueoVM5rll5U/,0,,6,https://grid-angellist.enterprise.slack.com/archives/C0335KUH5AN/p1761685912694069
2025-10-28,14:20 PT,Jun Yoon,Ilili,https://drd.sh/cart/YehQJMeDv4WLByxQ/,0,,0,https://grid-angellist.enterprise.slack.com/archives/C0335KUH5AN/p1761686423563239
2025-10-29,09:41 PT,Tina Huang,(Erica's sushi),https://drd.sh/cart/ooHYHmMUqE0fxKZa/,1,plus_one:1,0,https://grid-angellist.enterprise.slack.com/archives/C0335KUH5AN/p1761756069628349
2025-10-29,13:44 PT,Cody Maldonado,,https://drd.sh/cart/EIqllhl6mxnAKKcH/,0,,0,https://grid-angellist.enterprise.slack.com/archives/C0335KUH5AN/p1761770640863549
2025-10-29,15:20 PT,Jeremy Navarro,Dim Sum Sam,https://drd.sh/cart/kmyVKyPynvdiZ0NC/,2,pray:1 crying-pepe:1,0,https://grid-angellist.enterprise.slack.com/archives/C0335KUH5AN/p1761776434387129
2025-10-30,08:42 PT,Sarah Zheng,(comfort food),https://drd.sh/cart/1uXJccTNaahQNHN2/,0,,0,https://grid-angellist.enterprise.slack.com/archives/C0335KUH5AN/p1761838974510039
2025-10-30,09:03 PT,Madison Waldvogel,(kids lunch),https://drd.sh/cart/Gi4bJcqdacSWgdOw/,0,,3,https://grid-angellist.enterprise.slack.com/archives/C0335KUH5AN/p1761840223732259
2025-10-30,13:38 PT,Tina Huang,LPB,https://drd.sh/cart/LTO7fQiCi19QxiEB/,0,,0,https://grid-angellist.enterprise.slack.com/archives/C0335KUH5AN/p1761856709907969
